Star name,Distance from Sol (ly),Star radius,Star luminosity,Star temperature
Col 285 Sector XF-N d7-31,NaN,1.2809,Vb,6848
Wredguia FB-F d11-73,NaN,1.312,,5614
Hyades Sector GW-W d1-100 A,NaN,1.2952,Vab,5854
Wredguia RX-K d8-16,NaN,1.0911,Vb,6182
Synuefe YH-H d11-64 A,NaN,1.0205,Va,4769
Synuefe DT-O d7-43,NaN,1.1771,,5758
Synuefe HK-C d14-110,NaN,1.3463,Vb,7875
Col 285 Sector IX-T d3-69 A,NaN,1.29,,7369
Col 285 Sector TI-T d3-112 A,NaN,1.0584,Va,5478
Hyades Sector IR-W d1-72 A,NaN,1.0676,Vab,5867
HR 4739 A,NaN,56.67,III,2492
Sun Batha,NaN,1.0258,Vab,5711
Col 285 Sector DW-V d2-62 A,NaN,1.0337,Va,5326
Col 285 Sector CR-M d7-51,NaN,1.1742,Va,5235
Col 285 Sector AW-M d7-96 A,NaN,1.1931,,6884
3 Nu Virginis,NaN,51.8327,III,2889
No Myoino A,NaN,1.0068,Va,5010
Arietis Sector JC-V c2-7,NaN,1.0038,Vab,5486
Wredguia YD-K d8-56 A,NaN,1.2441,Va,5401
Praea Euq ZE-A d63 A,NaN,1.0363,Vb,6056
Synuefe NP-M d8-22 A,NaN,1.2918,VI,7570
Col 285 Sector IH-V d2-50 A,NaN,1.0683,Vb,6223
Col 285 Sector UZ-P d5-72,NaN,1.0149,Vab,5293
45 Rho-2 Arietis,NaN,49.7079,III,2171
Synuefai XF-L d9-34 A,NaN,1.0466,,6111
Col 285 Sector TZ-P d5-110,NaN,1.0314,,5955
Lyncis Sector CL-Y d72 A,NaN,1.1199,Vab,5959
Struve's Lost Sector CQ-Y d36 A,NaN,1.0122,,4936
Col 285 Sector OC-V d2-80 A,NaN,1.2829,Vb,7169
Pleiades Sector GG-Y c5,NaN,1.0038,Va,5403
Col 285 Sector AW-M d7-63 A,NaN,1.11,Va,4805
Wredguia SX-L d7-32 A,NaN,1.0555,Va,5277
Synuefe JK-D d13-38,NaN,1.2054,,6520
Synuefe GO-O d7-28,NaN,1.2579,VI,7219
Synuefe FT-O d7-35 A,NaN,1.3182,,5581
Col 285 Sector UK-O d6-137,NaN,1.2107,,5458
Col 285 Sector MP-E c12-32,NaN,1.0063,Va,5190
Yudhumit A,NaN,1.1906,Vb,7083
Col 285 Sector XU-P d5-84 A,NaN,1.065,Va,4815
Struve's Lost Sector BQ-Y d13 A,NaN,1.0811,Va,5296
Wredguia VX-L d7-8,NaN,1.1301,Vb,6543
Wredguia VX-L d7-60 A,NaN,1.1509,Vb,6435
Col 285 Sector LN-T d3-82 A,NaN,1.0442,Vb,6109
Hyades Sector GW-W d1-94 A,NaN,1.269,Va,5513
Wredguia VX-L d7-18,NaN,1.053,Vab,5681
IC 2602 Sector EM-V c2-3 A,NaN,1.0092,Va,4994
Pleiades Sector EL-Y d44 A,NaN,1.0577,Va,5306
Praea Euq FG-Y d72 A,NaN,1.0949,,5101
Col 285 Sector YZ-Y d89 A,NaN,1.2298,Va,5271
Mel 22 Sector HH-V d2-61 B,NaN,1.0834,Va,4939
Synuefe SL-K d9-20,NaN,1.1221,Vab,6119
Col 285 Sector NY-R d4-76,NaN,1.0231,,5861
Scorpius Dark Region ZE-A d82,NaN,1.2883,,5407
HR 6990 C,NaN,1.4171,Vb,8695
Col 285 Sector MY-R d4-23,NaN,1.0359,Va,5519
Mel 22 Sector GH-V d2-17 A,NaN,1.0874,,5177
Synuefai OZ-Z c16-9,NaN,1.0092,Va,5065
Aries Dark Region JC-V d2-87,NaN,1.113,Va,5171
Col 285 Sector EB-X d1-84 A,NaN,1.2408,Vb,7163
Synuefai UZ-M d8-43,NaN,1.1473,,6523
Col 285 Sector XP-X d1-24 A,NaN,1.2881,Va,5404
Mel 22 Sector QD-T d3-14,NaN,1.3449,Vb,7406
Hyades Sector CQ-Y d46 A,NaN,1.0631,,5985
Col 285 Sector EM-V d2-27 A,NaN,1.1311,,5360
Col 285 Sector EW-V d2-41,NaN,1.0314,Va,4403
Col 285 Sector QE-Q d5-109 A,NaN,1.0151,,5593
Mel 22 Sector MX-U d2-19,NaN,1.1793,,6867
Eta Sagittarii A,NaN,43.2263,III,2768
2 Hydrae B,NaN,1.0582,Va,5330
Col 285 Sector AG-O d6-96,NaN,1.0205,Va,4443
Col 285 Sector BG-X d1-94 A,NaN,1.2468,,6472
Lyncis Sector DL-Y c2,NaN,1.0067,Va,4092
Col 285 Sector IH-V d2-38,NaN,1.2637,Vab,6484
HR 5123 A,NaN,40.8142,III,2763
Col 285 Sector GM-V d2-102 A,NaN,1.0258,Vb,6146
Synuefe AN-Q d6-6,NaN,1.1892,Vb,6516
Col 285 Sector ZK-X d1-57 A,NaN,1.0866,Va,4689
Pipe (stem) Sector ZE-A d134,NaN,1.0876,Vb,6040
Synuefe ET-O d7-80,NaN,1.0444,,6087
Col 285 Sector CR-M d7-82,NaN,1.0962,Va,4896
Col 285 Sector CG-X d1-58,NaN,1.2119,Vb,6700
Mira A,NaN,36.6955,III,2342
Col 285 Sector AB-O d6-79,NaN,1.034,,6007
Col 285 Sector AB-O d6-87,NaN,1.0687,,5320
Col 285 Sector KS-T d3-60,NaN,1.0468,Vb,6060
8 Rho Ursae Majoris A,NaN,46.914,III,2674
Tejat Posterior A,NaN,88.6975,III,2567
Col 285 Sector AB-O d6-33 A,NaN,1.007,,4188
Col 285 Sector BW-V d2-33 A,NaN,1.1392,Va,5513
Col 285 Sector AV-Y d78,NaN,1.0313,Va,5158
Pleiades Sector FW-W d1-71 A,NaN,1.2709,Va,5277
Hyades Sector EL-Y d46 A,NaN,1.2784,Vb,6777
Wredguia XD-K d8-16 A,NaN,1.116,Va,5244
Col 285 Sector QJ-Q d5-96,NaN,1.015,Vab,5804
Col 285 Sector AB-W d2-41 A,NaN,1.2927,,5841
Col 285 Sector AB-W d2-41 B,NaN,1.0555,,5825
Kepler-16,NaN,46.6417,III,2952
Col 285 Sector BV-Y d31 A,NaN,1.0177,Vab,5619
Hyades Sector IR-W d1-67,NaN,1.1573,Va,5398
52 Geminorum A,NaN,22.1635,III,2951
Taurus Dark Region CQ-Y d32 A,NaN,1.0395,Vab,5568
Aries Dark Region FW-W d1-30 A,NaN,1.0523,Va,4881
Col 285 Sector RN-T d3-71,NaN,1.164,Vab,6235
Col 285 Sector DV-Y d38 A,NaN,1.1021,,5421
HIP 37391 A,NaN,53.2563,III,2812
Synuefe OA-L d9-71 A,NaN,1.2232,Va,5588
Tucanae Sector AF-A d77 A,NaN,1.0098,,4194
HR 6968 B,NaN,1.2863,,5998
Col 285 Sector FQ-Y d34,NaN,1.0498,,4755
Col 285 Sector KW-W d1-65 A,NaN,1.2119,Va,5105
Sigur,NaN,1.0502,Va,5329
Synuefe VY-A c16-9 A,NaN,1.0069,Va,5025
Hyades Sector HW-W d1-65,NaN,1.169,Va,5617
Col 285 Sector AG-O d6-110 A,NaN,1.0148,Va,4927
Col 285 Sector MX-T c3-3,NaN,1.0092,Va,5094
HIP 104045 B,NaN,30.5717,IIIb,2968
Col 285 Sector MH-V d2-94 A,NaN,1.0175,,5088
Mel 22 Sector JS-T d3-60 A,NaN,1.026,Vab,5840
Mel 22 Sector HH-V d2-48,NaN,1.1097,Vab,5803
Synuefe MS-B c16-3,NaN,1.0091,Va,4311
Arietis Sector DL-Y d76 A,NaN,1.0365,Vb,6173
Hyades Sector IR-W d1-88 A,NaN,1.0335,Vab,5494
Pleiades Sector JM-W d1-13 A,NaN,1.0474,Vb,6222
Col 285 Sector AV-Y d75,NaN,1.1627,Va,5586
Synuefai PT-O d7-32,NaN,1.113,,5372
Pleiades Sector GW-W d1-79,NaN,1.2895,Vab,6149
Synuefe XR-H d11-73 A,NaN,1.258,Vab,6359
Pleiades Sector EL-Y d56,NaN,1.0233,Vb,6048
Synuefai OE-S c20-6 A,NaN,1.0063,,5091
Musca Dark Region BQ-Y d165,NaN,1.1559,Vab,5690
Col 285 Sector VT-R d4-111,NaN,1.3263,Vb,7706
Pipe (stem) Sector AF-A d128 A,NaN,1.0764,Vb,6037
F Puppis 35393 C,NaN,1.0012,Va,5270
Nu Puppis D,NaN,2.0545,IVab,8734
Synuefai TZ-M d8-52 A,NaN,1.0503,,4506
Col 285 Sector OY-R d4-121,NaN,1.2619,Va,5249
Praea Euq BF-A d90,NaN,1.1511,Vb,6374
Col 285 Sector EM-V d2-77,NaN,1.1436,,6345
Synuefe FZ-D d13-76,NaN,1.0546,,5043
Pleiades Sector HR-W d1-48,NaN,1.0772,Vab,5777
Praea Euq TT-A d30 A,NaN,1.0471,,5989
Arietis Sector GG-Y d65 A,NaN,1.2319,VI,7211
Synuefe YA-N c23-13,NaN,1.0034,Vab,5817
Nu Fornacis B,NaN,2.0634,Vab,9089
Nu Fornacis C,NaN,1.7692,VI,10334
Col 285 Sector IB-X d1-88,NaN,1.1199,Vb,6506
55 Persei B,NaN,1.0518,Va,4542
Arietis Sector DL-Y d91 A,NaN,1.1332,Vb,6603
Arietis Sector DL-Y d91 B,NaN,1.0445,Va,4512
Col 285 Sector NY-R d4-63 A,NaN,1.119,Vb,6737
Synuefe WR-H d11-111 A,NaN,1.075,Vb,6280
AB Aurigae B,NaN,1.5276,Vb,8633
AB Aurigae C,NaN,1.7758,Vb,9397
AB Aurigae D,NaN,1.2381,Vab,5819
Synuefe AR-M c23-4 A,NaN,1.0118,Va,5252
Col 359 Sector MW-V d2-76,NaN,1.0448,,5163
Synuefe LU-M d8-26,NaN,1.1434,,4940
Col 285 Sector CG-X d1-48 A,NaN,1.332,Vab,6076
2 g Centauri,NaN,44.1128,III,2388
Col 285 Sector CR-M d7-143,NaN,1.1956,Vb,7037
Col 285 Sector ZK-X d1-74 A,NaN,1.3439,Vab,6820
Col 285 Sector NY-R d4-77,NaN,1.271,Vb,7192
Col 285 Sector BG-X d1-42 A,NaN,1.0122,Va,4741
Rasalgethi,NaN,175.241,II,2323
Col 285 Sector RE-Q d5-141,NaN,1.0385,Va,5000
Col 285 Sector EB-X d1-51,NaN,1.1007,Vb,6136
Theta Carinae C,NaN,1.4792,VI,8951
Theta Carinae D,NaN,1.0422,Vab,5890
Lambda Canis Majoris B,NaN,1.9367,Vab,11317
Col 285 Sector RN-T d3-75 A,NaN,1.0889,Va,4545
16 Tau-4 Eridani,NaN,78.673,III,2582
Col 285 Sector RN-T d3-63,NaN,1.0098,,5184
Lupus Dark Region B Sector GR-W d1-78,NaN,1.3158,Vab,5960
Wregoe GC-D d12-77,NaN,1.1913,Va,4934
Col 285 Sector QJ-Q d5-75 A,NaN,1.0229,Vb,6062
Praea Euq DL-Y d97,NaN,1.0553,,4356
Arietis Sector ZE-A d76,NaN,1.1021,Va,4585
Synuefe WR-H d11-92 A,NaN,1.1211,Vab,6140
Col 285 Sector CG-X d1-78,NaN,1.0204,Va,4822
Gamma Phoenicis,NaN,48.766,III,3070
Naebin,NaN,4.4282,Va,2444
Col 285 Sector EM-V d2-109,NaN,1.0759,Va,4653
Col 285 Sector FM-V d2-80,NaN,1.0312,Vab,5700
Rho Ophiuchi Sector BQ-Y d72,NaN,1.2026,,5233
Col 285 Sector HC-U d3-54 B,NaN,1.1218,,6285
Synuefe UD-B c16-10,NaN,1.0011,Va,4428
RS Cancri,NaN,57.4009,,2186
ICZ HR-W d1-94 A,NaN,1.0094,Va,4167
Kokopatun A,NaN,1.0067,Va,4289
Wredguia XD-K d8-51 A,NaN,1.0392,Vab,5735
Aries Dark Region IR-W d1-62,NaN,1.1793,Vb,7157
Col 285 Sector WK-W c2-10 A,NaN,1.0015,Va,5145
Arietis Sector FG-Y d52,NaN,1.0385,Vab,5627
Lyncis Sector DL-Y c11 A,NaN,1.0067,Va,5132
Col 285 Sector IH-V d2-77,NaN,1.0808,Vab,5908
41 Upsilon-4 Eridani B,NaN,1.5775,Vab,8099
Elusughna,NaN,1.1174,Vab,5522
Col 285 Sector IX-T d3-84 A,NaN,1.1004,Va,4502
13 R Lyrae A,NaN,79.9701,II,2321
Col 285 Sector SD-T d3-69 A,NaN,1.0987,Va,5383
Jimatch,NaN,1.0067,Va,5399
Taurus Dark Region BQ-Y d52 A,NaN,1.0314,Vab,5724
Synuefe ZC-H d11-42 A,NaN,1.0385,,5618
Synuefe UL-K d9-19 A,NaN,1.0685,,5144
Synuefe WR-H d11-75 A,NaN,1.224,,6081
Wredguia YO-I d9-19,NaN,1.077,,5713
Synuefe GN-J c25-7 A,NaN,1.0122,Va,4217
Setekh A,NaN,1.0286,Vab,5802
Col 285 Sector TE-Q d5-111,NaN,1.3521,,5630
Col 285 Sector RN-T d3-118 A,NaN,1.192,Vb,6459
Phi Aquarii,NaN,39,III,2951
Col 285 Sector TE-Q d5-79 A,NaN,1.108,Vb,6383
Col 285 Sector MD-S d4-63 A,NaN,1.1869,VI,7280
Col 285 Sector BG-X d1-22 A,NaN,1.0773,Vab,5899
Hyades Sector EL-Y d43,NaN,1.1,Va,4544
Lyncis Sector EG-Y d96 A,NaN,1.1498,Vb,6382
Col 285 Sector YA-N d7-70,NaN,1.1686,,6496
Col 285 Sector ZA-N d7-57 A,NaN,1.042,Va,5161
Col 285 Sector SI-T d3-98 A,NaN,1.2118,VI,7359
Col 359 Sector QX-T d3-71,NaN,1.2272,,5954
Col 285 Sector RN-T d3-112 A,NaN,1.0772,Va,5259
Col 285 Sector WO-R d4-91 A,NaN,1.0752,Va,5241
Alrai Sector CL-Y d113,NaN,1.0988,Va,5064
Pleiades Sector BQ-Y d37,NaN,1.1156,,4579
Pleiades Sector HR-W d1-22 A,NaN,1.222,Va,5704
Pleiades Sector HR-W d1-22 B,NaN,1.1089,Va,4467
Synuefe WR-H d11-115 A,NaN,1.0655,Vb,6030
Synuefe WR-H d11-115 B,NaN,1.0742,,6223
Hyades Sector LC-V d2-85,NaN,1.2967,Vb,6968
Col 285 Sector UT-R d4-90,NaN,1.0395,Va,4565
Pleiades Sector DL-Y d66 A,NaN,1.2214,Va,5091
Pleiades Sector DL-Y d66 B,NaN,1.0205,Vb,6091
66 Eridani B,NaN,1.5218,Vab,7544
66 Eridani C,NaN,1.1439,Va,4952
66 Eridani D,NaN,1.9689,Vab,11851
Col 285 Sector YZ-P d5-106 A,NaN,1.0098,Va,4405
Col 285 Sector EB-O d6-70 A,NaN,1.0228,Vab,5808
Xelala,NaN,1.0122,Va,4857
Pegasi Sector GW-W d1-97 A,NaN,1.0368,Va,4782
Wredguia EG-F d11-18,NaN,1.1178,,5891
Pareco,NaN,1.1795,Vab,6106
Jeitsing,NaN,1.1434,Va,5217
Alrai Sector CL-Y d143 A,NaN,1.157,Va,4868
Synuefe XM-H d11-100 A,NaN,1.0477,Va,5496
Gamma Hydri,NaN,51.9798,III,2946
Synuefe OV-K d9-43 A,NaN,1.3277,Va,5612
Hyades Sector CQ-Y d86 A,NaN,1.0555,Vb,6030
Maritzambwe A,NaN,1.0341,Vb,6033
Bulungu,NaN,1.101,Vab,5891
Pleiades Sector ZE-A d14 A,NaN,1.023,Va,4176
Col 285 Sector UO-R d4-68 A,NaN,1.1187,Vb,6667
Col 285 Sector PO-Q d5-48 A,NaN,1.2209,,5231
Alpha Doradus C,NaN,1.1357,Vb,6574
Col 285 Sector MN-S c4-9 A,NaN,1.0068,Vab,5715
Col 285 Sector IH-V d2-76,NaN,1.0285,Va,5170
Cephei Sector BA-A d117,NaN,1.0233,Va,4592
Beta Gruis,NaN,104.0934,III,2490
Scythipik,NaN,1.0286,Vab,5800
Synuefai JI-H d11-23,NaN,1.0044,,5155
R Doradus,NaN,42.1669,III,1866
Hyades Sector EL-Y d69,NaN,1.0531,Va,4403
Hyades Sector AQ-Y d45,NaN,1.0496,Vab,5904
Pleiades Sector FG-Y d48,NaN,1.1864,Vb,7010
Sui Xenates,NaN,1.1858,Vab,5998
Ugrashtrim,NaN,1.042,Va,4837
ICZ EL-Y d110 A,NaN,1.1064,Vb,6256
Col 285 Sector RJ-Q d5-88,NaN,1.023,Vab,5525
Daibamba A,NaN,1.2991,Vab,5954
Synuefe QJ-G c27-10,NaN,1.0009,,5113
Synuefe OU-E c28-11 A,NaN,1.0006,,5801
Col 285 Sector KI-S d4-55,NaN,1.0282,Va,4939
Trianguli Sector FG-Y d87,NaN,1.1111,Va,4576
Col 285 Sector EW-V d2-45 A,NaN,1.0442,Vab,5857
46 Omega-2 Cygni A,NaN,40.5362,III,2758
Pleiades Sector HR-W d1-63,NaN,1.1009,Va,4783
Oglan A,NaN,1.1126,Vab,5869
Sheratan B,NaN,1.1539,V,6752
Wredguia WD-K d8-86 A,NaN,1.0311,Vab,5768
Arne Naom,NaN,1.0518,Vab,5939
Aries Dark Region GW-W d1-35,NaN,1.0259,Va,4622
Quikudi A,NaN,1.0531,Vb,6238
Kuangwutja,NaN,1.0313,Va,4385
Trianguli Sector GG-Y d107,NaN,1.2766,Vb,7090
Scotaya A,NaN,1.0368,Vab,5677
ICZ CQ-Y d121,NaN,1.0808,Va,5204
Piscium Sector DL-Y d118 A,NaN,1.0044,Va,4550
Col 285 Sector UQ-K c9-10 A,NaN,1.0006,Vb,6055
Kwikumat A,NaN,1.0175,Vb,5962
Col 285 Sector AW-M d7-64,NaN,1.1616,,5155
Col 285 Sector PK-M c8-5 A,NaN,1.0034,,5525
Wredguia PI-B d13-113 A,NaN,1.203,Vab,5811
Synuefe YM-H d11-80 A,NaN,1.2031,Vab,6354
Synuefe YM-H d11-42 A,NaN,1.2273,,6685
Col 285 Sector PO-Q d5-57,NaN,1.012,Va,5072
Col 285 Sector AG-O d6-89,NaN,1.2736,Va,5245
10 i Draconis A,NaN,64.3701,,2574
Tejat Prior A,NaN,98.8913,III,2831
Crato,NaN,1.0694,Va,4843
Col 285 Sector YZ-P d5-103 A,NaN,1.0471,Va,4600
Soontill,NaN,1.2462,V,7161
Praea Euq VO-A d53,NaN,1.1059,Vb,6156
Praea Euq FG-Y d76 A,NaN,1.0337,Vab,5737
Epsilon Muscae A,NaN,73.7136,III,2442
Col 285 Sector SE-Q d5-83,NaN,1.1645,Va,5586
Col 285 Sector RN-T d3-99 A,NaN,1.0464,Vb,6323
Menkar,NaN,88.3967,III,2877
Pleiades Sector HR-W d1-29,NaN,1.1795,Vab,6439
Synuefe YW-I d10-25 A,NaN,1.0149,,4278
Aries Dark Region EW-W d1-34,NaN,1.0633,Va,4884
Cephei Sector FG-Y d69,NaN,1.0657,Va,4542
Pleiades Sector NI-T c3-11 A,NaN,1.0013,,5107
15 Andromedae D,NaN,1.1693,Vab,6433
Pleiades Sector IR-W d1-39,NaN,1.2075,Va,5161
Col 285 Sector EB-X d1-44 A,NaN,1.0636,,5907
118 Tauri B,NaN,1.197,Vb,6757
118 Tauri C,NaN,1.9842,Vab,11635
118 Tauri D,NaN,1.5156,Vab,6318
Eta Sculptoris A,NaN,60.5426,III,2744
Pleiades Sector FW-W d1-23,NaN,1.1479,Vb,6732
Pleiades Sector HR-W d1-76 A,NaN,1.3452,Vab,6569
Pleiades Sector DL-Y d69 A,NaN,1.1732,Vab,6111
Pegasi Sector FW-W d1-63 A,NaN,1.074,Va,5459
35 Orionis B,NaN,1.943,VI,10118
35 Orionis C,NaN,1.1327,Vb,6058
Pleiades Sector HR-W d1-18 A,NaN,1.0364,Va,5433
Wuli A,NaN,1.0368,Va,4902
Gorgonea Tertia A,NaN,101.3652,III,2495
HR 51 C,NaN,1.3034,Va,5407
Col 285 Sector LT-Q d5-30 A,NaN,1.1902,,6010
Col 285 Sector RJ-Q d5-83,NaN,1.0558,Va,4450
Col 285 Sector BG-X d1-28,NaN,1.1276,,6589
Col 285 Sector SE-Q d5-141,NaN,1.1746,Vab,6002
Col 285 Sector RN-T d3-54,NaN,1.2918,Vab,6857
Aries Dark Region OX-U c2-6,NaN,1.0012,,5945
Col 285 Sector JX-T d3-76 A,NaN,1.0333,Va,4780
Aracente A,NaN,1.2314,Va,5540
Julasto,NaN,1.0203,Va,4624
Cephei Sector BA-A d128,NaN,1.2054,Va,4935
Col 285 Sector ER-V d2-43 A,NaN,1.2101,Vab,6158
Col 285 Sector KS-T d3-65,NaN,1.0984,Vb,6611
42 Herculis,NaN,55.1415,III,2754
Synuefe ZM-Q d6-34 A,NaN,1.2418,Vab,6118
Wredguia LC-D d12-13 A,NaN,1.1585,Vb,6579
Col 285 Sector XK-O d6-131 A,NaN,1.0122,Va,4642
Tania Australis,NaN,54.1134,III,3137
Col 285 Sector EW-V d2-51,NaN,1.0627,Va,5388
Col 285 Sector LD-S d4-76,NaN,1.1473,Vb,6512
Synuefe RJ-P c22-27,NaN,1.0067,Vab,5904
Hyades Sector CQ-Y d36 A,NaN,1.1307,Vb,6847
Synuefe WR-H d11-52,NaN,1.1248,Vb,6464
Mel 22 Sector HH-V d2-31,NaN,1.1211,,4747
Mel 22 Sector HH-V d2-54,NaN,1.1509,Va,5624
Col 285 Sector SE-Q d5-122,NaN,1.1584,Vb,6677
12 Gamma Sagittae A,NaN,52.3288,III,3047
Zaurak A,NaN,56.1558,III,2954
68 Geminorum B,NaN,1.4164,VI,8500
Synuefe YR-H d11-93,NaN,1.2063,Vb,7024
Col 285 Sector JW-W d1-28 A,NaN,1.0396,,4284
74 Phi Leonis B,NaN,1.1958,Vab,5768
Synuefe DT-O d7-55 A,NaN,1.0666,Va,5507
Synuefe UB-J d10-57,NaN,1.2184,,5255
Synuefe ZP-N c23-17 A,NaN,1.0095,Va,4324
Synuefe XR-H d11-31 B,NaN,1.0524,Va,4993
Synuefe YR-H d11-41 A,NaN,1.2333,Va,5484
Col 285 Sector TO-R d4-96,NaN,1.0611,Va,4475
Col 285 Sector OY-R d4-60,NaN,1.0496,Va,5362
Pleiades Sector FW-W d1-38,NaN,1.0364,Vb,6103
Synuefe XR-H d11-29 A,NaN,1.1114,Vb,6032
Synuefe YR-H d11-119 A,NaN,1.111,Vab,5903
Praea Euq MM-W d1-91 A,NaN,1.2168,,6763
Col 285 Sector FB-X d1-84,NaN,1.0979,Va,5028
Col 359 Sector KR-V d2-11,NaN,1.0546,,5550
Synuefe YR-H d11-10 A,NaN,1.0258,Va,5074
Hyades Sector GW-W d1-67,NaN,1.2158,Vab,6291
Synuefe VB-J d10-36,NaN,1.2719,,5403
Synuefe XR-H d11-84,NaN,1.2627,Vab,6087
Anser,NaN,37.4362,III,3119
Col 285 Sector ZZ-P d5-81,NaN,1.12,Va,4942
L2 Puppis,NaN,48.0069,III,2319
Synuefai JI-H d11-61,NaN,1.3076,,6088
HR 8621,NaN,63.1913,III,2534
Synuefe ZM-H d11-37,NaN,1.0863,,4684
Synuefe XR-H d11-124 A,NaN,1.0624,Va,5040
Synuefe YR-H d11-125 A,NaN,1.0034,Va,4926
12 Cephei A,NaN,39.0177,,2950
Col 285 Sector RN-T d3-78 A,NaN,1.0647,Va,5472
HR 1576 B,NaN,1.0687,Vab,5662
Col 359 Sector DZ-P c6-18 A,NaN,1.0095,,4831
Mirach,NaN,74.6255,III,3106
Yed Prior,NaN,50.1846,III,3029
Hyades Sector DQ-Y d46 A,NaN,1.1605,Vb,6650
Synuefe GU-D d13-81,NaN,1.1033,,5054
Mel 22 Sector FM-V d2-28,NaN,1.2582,Va,5715
Arietis Sector FG-Y d66 A,NaN,1.1486,Vab,5701
HIP 6801 B,NaN,1.1675,Va,4836
Col 285 Sector KS-T d3-74 A,NaN,1.2095,Vab,5995
Col 285 Sector KS-T d3-74 B,NaN,1.0314,Vab,5684
Col 285 Sector CB-O d6-73 A,NaN,1.0043,Va,4740
Synuefe AY-F d12-118,NaN,1.0473,Vab,5807
Praea Euq QT-Z c9,NaN,1.0015,,5882
Praea Euq YO-A d40 A,NaN,1.2941,,6288
Synuefe BY-G d11-37,NaN,1.0843,,4755
Col 285 Sector PY-R d4-95 A,NaN,1.211,Va,5221
Col 285 Sector PY-R d4-95 B,NaN,1.2216,Vab,6595
Pleiades Sector GR-W d1-27,NaN,1.1852,Vb,6648
Synuefe YR-H d11-94,NaN,1.0638,Va,5418
Arietis Sector DL-Y d98,NaN,1.3231,Vb,7044
HR 5316 B,NaN,1.0515,Vab,5599
HR 5316 C,NaN,1.7873,Vab,8858
Pleiades Sector BV-Y c10 A,NaN,1.012,Vab,5593
Synuefe YR-H d11-64,NaN,1.1522,,5787
Col 285 Sector BK-Q c5-7,NaN,1.0122,,4687
Synuefe RV-K d9-41,NaN,1.123,,5114
HIP 24169 A,NaN,73.0379,III,2185
Col 285 Sector YZ-Y d31 A,NaN,1.1408,,6566
Pleiades Sector KC-V c2-15,NaN,1.0068,Va,4889
Crucis Sector CL-Y d120,NaN,1.086,Va,5056
Kamunkula,NaN,1.09,Va,4826
Pleiades Sector HR-W d1-77 A,NaN,1.1802,Va,5558
Synuefe UL-J d10-89 A,NaN,1.0878,,6583
Col 285 Sector DR-V d2-30 A,NaN,1.042,Va,4488
Cephei Sector BA-A d103 A,NaN,1.312,Vab,6722
Arietis Sector BQ-Y d70,NaN,1.0502,Va,4721
59 Upsilon Ceti A,NaN,47.4236,III,3050
Arietis Sector DL-Y d70 A,NaN,1.0125,Vb,6010
Pleiades Sector BQ-Y d32,NaN,1.0768,Vab,5768
Alrai Sector CL-Y d145 A,NaN,1.2905,Vb,7060
Col 285 Sector ZA-N d7-62,NaN,1.1647,Vb,6689
Arabakti,NaN,1.2991,Va,5605
Cephei Sector BA-A d88,NaN,1.0205,Va,4872
Betelgeuse,NaN,640.3727,I,2445
Gacrux,NaN,56.2016,III,2677
Col 285 Sector HM-V d2-107 A,NaN,1.1894,Vb,6679
Col 285 Sector YZ-P d5-78,NaN,1.1101,Vb,6461
Tucanae Sector YJ-A d71 A,NaN,1.2047,Vb,6860
Hyades Sector CB-X d1-90 A,NaN,1.2852,Va,5812
Brachium A,NaN,77.6173,III,2805
Col 285 Sector LR-W d1-52,NaN,1.0554,Va,4581
Wredguia TX-L d7-47 A,NaN,1.0363,Va,5280
Col 285 Sector VT-R d4-101,NaN,1.2071,Va,4942
Synuefai NZ-D d13-88,NaN,1.1367,,5249
Col 285 Sector FM-V d2-72,NaN,1.0659,Vb,6249
Col 285 Sector UJ-Z d39,NaN,1.0368,,5777
Synuefai CW-K d9-56 A,NaN,1.2985,,6960
Synuefe CJ-F d12-41 A,NaN,1.0471,Va,5383
Praea Euq GG-Y d89,NaN,1.3289,,7206
Col 285 Sector CG-O d6-103,NaN,1.0258,Va,4954
Wredguia XO-H d10-15,NaN,1.0558,Vab,5881
Synuefe AG-O c22-8,NaN,1.0034,Va,4279
Synuefai TZ-M d8-24,NaN,1.0553,Va,4407
Synuefe KE-O d7-16 A,NaN,1.0759,,6220
Synuefai PT-O d7-34 A,NaN,1.1375,Vab,5941
Tucanae Sector BQ-Y d115,NaN,1.2643,Va,5305
Synuefai UZ-M d8-61,NaN,1.0285,,5168
Synuefe AN-H d11-94 A,NaN,1.0471,Va,4292
Col 285 Sector NJ-G c11-15 A,NaN,1.0015,Va,4546
Synuefe ZH-H d11-66,NaN,1.1822,,5893
HIP 30584 D,NaN,1.0148,,5588
35 Kappa Serpentis,NaN,60.349,III,3017
Synuefe DL-N c23-4,NaN,1.0122,,5883
Praea Euq XZ-Y d18 A,NaN,1.2216,,5474
Col 285 Sector RU-O d6-32 A,NaN,1.1622,,7037
Synuefe ZZ-X c17-7 A,NaN,1.0042,Va,4351
Mel 111 Sector BQ-Y d38 A,NaN,1.1392,Va,5487
Col 359 Sector HL-W d2-26 A,NaN,1.105,,5234
Col 359 Sector SX-T d3-79 A,NaN,1.0118,,4658
HR 6001,NaN,51.6721,III,2732
Synuefe UY-Q c21-10 A,NaN,1.012,Va,4238
Auva,NaN,49.2005,III,2830
Synuefai FN-H d11-52 A,NaN,1.0595,Vab,5812
Synuefai RV-G c26-4 A,NaN,1.0012,,5898
Praea Euq FG-Y d79,NaN,1.0826,Va,4752
Col 285 Sector YZ-Y d85 A,NaN,1.2438,VI,7261
26 Pi Eridani A,NaN,70.0086,,2907
Synuefe FZ-D d13-62 A,NaN,1.0471,,5589
Col 285 Sector AV-F c11-6,NaN,1.0013,,6076
R Leonis,NaN,5.7506,,2151
Col 285 Sector IS-T d3-65 A,NaN,1.1064,,5249
Synuefai FC-J d10-37 A,NaN,1.1021,,5086
Synuefe IK-C d14-65 A,NaN,1.077,Va,4539
Col 285 Sector YA-N d7-54 A,NaN,1.023,Va,4695
Col 285 Sector RE-Q d5-52 A,NaN,1.1895,,5398
Praea Euq FL-Y d99 A,NaN,1.1328,,6505
Mel 22 Sector BG-X d1-55 A,NaN,1.1255,,6827
Synuefe WW-I d10-23,NaN,1.0798,,4954
Col 285 Sector IB-X d1-48 A,NaN,1.3138,Vab,6393
F Centauri,NaN,53.3811,,2953
Synuefe QV-K d9-51,NaN,1.1672,Vb,6686
Mel 22 Sector KH-V d2-22,NaN,1.0546,Vab,5577
Synuefe HJ-O d7-48,NaN,1.1234,,4999
Synuefe IC-U c19-5,NaN,1.0091,Va,4919
Synuefe LP-M d8-40,NaN,1.3079,Vb,7587
Col 285 Sector CG-O d6-121,NaN,1.0473,,4521
Synuefe DT-G d11-25 A,NaN,1.1251,Vb,6668
Synuefe DT-G d11-25 B,NaN,1.0661,Va,4584
Pegasi Sector IR-W d1-102 A,NaN,1.0203,,4853
Synuefai KI-H d11-66,NaN,1.2848,Va,5500
Synuefe NK-M d8-24,NaN,1.2492,,5190
NSV 1558,NaN,37.4595,III,3062
Col 285 Sector QZ-O d6-46 A,NaN,1.3241,,7402
Wregoe NE-P c19-4 A,NaN,1.0011,Va,4115
Synuefe FO-O d7-58,NaN,1.115,,6431
Taurus Dark Region FW-W d1-71 A,NaN,1.3076,Vab,6170
Tucanae Sector CQ-Y d110 A,NaN,1.0702,,4876
Col 285 Sector IH-V d2-69,NaN,1.2871,,6003
Col 359 Sector NW-V d2-99,NaN,1.1323,,6645
Synuefe LP-M d8-47 A,NaN,1.2006,Va,5587
Synuefe PA-L d9-46,NaN,1.0477,,6139
Synuefe DT-O d7-47,NaN,1.1746,Va,5412
Col 285 Sector WK-O d6-101,NaN,1.0259,Vab,5896
Col 285 Sector VK-O d6-55 A,NaN,1.0558,Vab,5930
Col 285 Sector VK-O d6-55 B,NaN,1.0503,Vab,5659
Synuefai NO-F d12-56,NaN,1.2045,,7067
Col 285 Sector DR-M d7-157 A,NaN,1.023,,6054
HR 5301,NaN,56.6786,,2818
Col 285 Sector BW-M d7-85 A,NaN,1.1885,,5557
Pegasi Sector FW-W d1-103 A,NaN,1.3073,Vab,5983
Synuefe NQ-B d14-38 A,NaN,1.2002,,6369
Gamma Reticuli A,NaN,86.3847,,2556
Praea Euq FG-Y d143,NaN,1.0417,Va,4800
Psi Phoenicis,NaN,71.4692,III,2448
Synuefe AN-H d11-84 A,NaN,1.1046,Vab,5949
R CrA Sector BA-A d23 A,NaN,1.0179,,5849
32 Ophiuchi,NaN,55.1757,,2620
Col 285 Sector YJ-H c10-16,NaN,1.0041,,4887
Epsilon Octantis,NaN,47.5284,III,2356
Col 285 Sector RE-Q d5-43,NaN,1.1424,,5388
Synuefai BH-J d10-18,NaN,1.026,,6089
Col 285 Sector TZ-E c12-13,NaN,1.0034,Va,4531
Synuefai TF-C d14-53,NaN,1.0098,,5353
Synuefe SQ-K d9-20 A,NaN,1.0834,Va,5429
Synuefe TG-J d10-93,NaN,1.2933,Vab,6388
IC 2602 Sector EW-W d1-92,NaN,1.1829,,7006
Col 285 Sector AB-W d2-33,NaN,1.067,,4745
Col 285 Sector IS-T d3-54 A,NaN,1.0551,,5521
Praea Euq LM-W d1-124 A,NaN,1.074,Va,4975
Praea Euq FG-Y d61 A,NaN,1.0933,Va,5331
Col 285 Sector NH-V d2-52,NaN,1.1075,Va,5142
Col 285 Sector DW-N d6-69 A,NaN,1.1211,,6261
Synuefe WW-I d10-25,NaN,1.2924,Vb,7139
Tucanae Sector ZE-A d66,NaN,1.0801,Va,5156
Synuefe CT-G d11-18 A,NaN,1.2051,,5705
Praea Euq CA-A d127,NaN,1.0203,Va,4370
Col 285 Sector SE-Q d5-90 A,NaN,1.1156,Vb,6320
Theta Apodis A,NaN,54.5878,III,2157
HR 2766 A,NaN,56.2087,III,2824
Scheat,NaN,85.5215,III,2655
Upsilon Geminorum,NaN,43.5692,III,3012
Gianfar,NaN,56.1116,,3110
Synuefe PF-L d9-82,NaN,1.0962,Va,5503
Hyades Sector VE-Z c10 A,NaN,1.0011,Va,5220
Col 285 Sector FM-V d2-17 A,NaN,1.0313,,5314
Wredguia VD-J d9-27 A,NaN,1.0498,,6231
Synuefe OA-L d9-22,NaN,1.0744,Va,4426
Synuefai UU-M d8-43,NaN,1.0368,,5709
Wredguia TC-M d7-32 A,NaN,1.1579,,6840
Synuefe CO-F d12-60,NaN,1.061,Va,4676
Synuefe RL-J d10-110 A,NaN,1.1176,,6674
Synuefe RL-J d10-110 B,NaN,1.118,,5435
Scorpius Dark Region DL-Y d12 A,NaN,1.0477,Va,5228
Synuefe QA-L d9-66 A,NaN,1.203,,7329
106 Herculis A,NaN,45.8795,III,2896
Col 285 Sector DR-M d7-123 A,NaN,1.2103,Vb,6683
Col 285 Sector DR-M d7-123 B,NaN,1.0203,Va,4756
Pegasi Sector FW-W d1-89 A,NaN,1.2055,Va,5459
Pegasi Sector FW-W d1-89 B,NaN,1.0556,,5849
Synuefe FU-D d13-78,NaN,1.0124,Vb,6045
Synuefe JF-C d14-50,NaN,1.1292,Va,5294
Wredguia EB-E d12-18,NaN,1.0125,,5764
Col 285 Sector TP-O d6-75 A,NaN,1.0662,Va,4613
Pegasi Sector DL-Y d67 A,NaN,1.0764,Va,4581
Col 285 Sector GX-T d3-53,NaN,1.0043,,4749
Synuefe FW-U c19-7 A,NaN,1.0006,Va,5082
Col 285 Sector EW-V d2-43 A,NaN,1.1013,,5453
30 g Herculis,NaN,71.0943,,2258
Col 359 Sector CF-Z d114 A,NaN,1.053,Vb,6059
Col 285 Sector BG-X d1-82,NaN,1.0531,Vab,5542
Col 285 Sector OT-R d4-103,NaN,1.0314,Va,4511
Praea Euq EL-Y d93 A,NaN,1.0742,,5691
Synuefe ZM-H d11-68,NaN,1.2253,Vb,6709
Wredguia TX-L d7-55,NaN,1.2848,Vab,6622
Synuefe ZM-H d11-75,NaN,1.2808,Vab,6176
Synuefai VA-C d14-62,NaN,1.3144,,5939
Wredguia JH-D d12-83 A,NaN,1.0177,,4547
Wredguia WI-K d8-63 A,NaN,1.1105,,5879
Col 285 Sector RN-J c9-18 A,NaN,1.0092,Vb,6093
Synuefe QF-L d9-61 A,NaN,1.0043,Vab,5469
80 Ceti A,NaN,37.6078,III,3028
Synuefe HO-O d7-14 A,NaN,1.0854,Vab,5821
Col 285 Sector QJ-Q d5-68 A,NaN,1.2809,,5934
Col 285 Sector TZ-E c12-7,NaN,1.0095,Va,4952
Col 285 Sector FH-U d3-39,NaN,1.2338,,6250
Wredguia KP-Z c13-7,NaN,1.0174,,4195
Tucanae Sector BQ-Y d111,NaN,1.2381,,7134
Synuefe JZ-M d8-86,NaN,1.0633,,4882
Col 285 Sector MH-V d2-60,NaN,1.0885,,6582
Col 285 Sector AB-N d7-47 A,NaN,1.0477,,6126
Col 285 Sector DM-U d3-29 A,NaN,1.0149,,5309
Col 285 Sector DM-U d3-29 B,NaN,1.0042,,5776
Synuefe LI-S c20-6 A,NaN,1.0015,Vab,5528
Synuefe XW-I d10-27,NaN,1.1174,,6247
Col 285 Sector KC-V d2-68,NaN,1.2532,Vab,6169
Synuefai EC-J d10-57,NaN,1.0899,,6244
89 chi Pegasi A,NaN,51.7641,III,2722
Synuefe SL-J d10-110,NaN,1.0636,Va,5256
Synuefe EY-G d11-23 A,NaN,1.0775,,6009
Synuefe KU-M d8-74,NaN,1.1038,Vb,6509
Synuefe TE-Y c17-20,NaN,1.0015,,4699
Col 285 Sector BL-X d1-48,NaN,1.1013,,5375
Praea Euq GG-Y d119,NaN,1.045,Va,4494
Col 285 Sector MZ-N c7-15,NaN,1.004,,5398
Col 285 Sector BS-J c9-33,NaN,1.0091,,4786
Wredguia GW-E d11-65,NaN,1.1046,,4918
HIP 4342 B,NaN,1.2917,Vb,7415
Col 285 Sector EW-V d2-49 A,NaN,1.0843,,6263
Synuefe ZM-H d11-64,NaN,1.0548,Vb,6398
Lambda Aquarii,NaN,73.0758,III,2991
Delta-2 Gruis,NaN,70.3068,III,2581
HIP 111127 B,NaN,40.3438,,4901
Col 285 Sector BG-O d6-97 A,NaN,1.08,Vab,5795
Praea Euq DA-A d77 A,NaN,1.0477,Vb,6183
Lupus Dark Region B Sector LX-U c2-15 A,NaN,1.0013,,4487
Col 285 Sector YF-O d6-98,NaN,1.0502,Va,4731
Col 285 Sector EM-M d7-108,NaN,1.1119,,5591
Praea Euq GL-Y d80,NaN,1.2175,,5437
Wredguia TX-L d7-74 A,NaN,1.007,,5328
Col 285 Sector CW-D c12-17 A,NaN,1.0069,Vab,5603
36 Comae Berenices,NaN,36.992,,3043
Col 285 Sector GG-X d1-101,NaN,1.0098,Vab,5704
HR 109 A,NaN,30.3183,III,3109
Synuefe YU-X c17-0 A,NaN,1.0148,Vab,5751
Synuefe HK-C d14-99,NaN,1.0831,Vb,6035
Synuefe GZ-E d12-22,NaN,1.1661,Va,4986
HR 564 A,NaN,39.154,III,2740
Col 285 Sector YF-O d6-38 A,NaN,1.2277,,5042
235 G. Carinae B,NaN,1.975,V,11130
HR 4807,NaN,44.1433,III,2779
Synuefe OA-L d9-45,NaN,1.3429,Vb,7301
Scorpius Dark Region BQ-Y d11 A,NaN,1.1924,,6891
Scorpius Dark Region AF-A d143,NaN,1.128,Vb,6507
Synuefai GC-J d10-37,NaN,1.2856,Va,5715
Synuefe EO-F d12-75,NaN,1.0578,Va,4688
Synuefe DJ-F d12-41 A,NaN,1.0257,Va,4306
HIP 107516,NaN,35.4713,III,2216
75 Cygni,NaN,42.8918,,2923
Synuefai TZ-M d8-25,NaN,1.094,Vb,6377
Synuefe ZH-H d11-40 A,NaN,1.2566,Vab,6074
Tucanae Sector KR-W c1-6,NaN,1.0069,,4271
Synuefe UG-J d10-77 A,NaN,1.3437,Vab,6801
Synuefe LZ-M d8-24 A,NaN,1.0702,Vab,5739
Col 285 Sector KY-Q c5-22,NaN,1.0063,Va,4865
Synuefe PF-L d9-38 A,NaN,1.0532,Va,5074
Col 285 Sector LY-Q d5-41 A,NaN,1.0957,,6473
Wredguia NN-A d14-30 A,NaN,1.0816,Va,4781
55 Pegasi A,NaN,44.6161,III,2936
Wredguia IR-L c21-2 A,NaN,1.0038,Va,4599
HIP 43003 B,NaN,1.117,Va,4733
Synuefai RO-O d7-22,NaN,1.0396,,5161
HIP 13618 B,NaN,1.1529,Vb,6583
Scorpius Dark Region DL-Y d17,NaN,1.197,Vab,6273
Mel 22 Sector LN-T d3-20,NaN,1.2573,,6039
Col 359 Sector CF-Y d1-20 A,NaN,1.0665,,4511
Wredguia MC-D d12-115,NaN,1.0122,,5866
Col 285 Sector ZZ-Y d78,NaN,1.0387,Va,5152
Col 285 Sector VK-F c11-14 A,NaN,1.0034,Va,5061
Wredguia ZJ-I d9-27 A,NaN,1.015,Va,4172
A Capricorni,NaN,60.8928,III,2994
HIP 63081 A,NaN,26.8009,III,2448
Synuefe HZ-M d8-67,NaN,1.3449,Vb,7879
Col 285 Sector WK-O d6-46 A,NaN,1.2208,,5572
Synuefe OP-M d8-60,NaN,1.1191,Va,4678
Synuefe CI-H d11-88 A,NaN,1.0368,Va,5505
Col 285 Sector XF-O d6-51,NaN,1.0313,Vab,5584
Wregoe CW-E d11-145 A,NaN,1.06,Vb,6172
Synuefai TF-C d14-103,NaN,1.2785,Va,5280
Synuefe SJ-Q c21-8 A,NaN,1.0064,Va,5098
Synuefe OV-B d14-38,NaN,1.1676,,5876
Nu Tucanae,NaN,47.4987,,2455
Col 359 Sector SX-T d3-54 A,NaN,1.0396,Va,5209
Wredguia XO-I d9-8 A,NaN,1.0098,,5994
HR 6682,NaN,46.0468,III,3132
HR 7625,NaN,95.705,III,2193
Col 285 Sector NI-T d3-30,NaN,1.0043,Vab,5606
Praea Euq DA-A d45 A,NaN,1.1447,Vab,5846
Scorpius Dark Region DL-Y d42 A,NaN,1.0984,Vab,5927
Synuefe KV-B d14-59,NaN,1.1473,Va,4975
Wredguia UX-L d7-10 A,NaN,1.0548,Vab,5585
Swoilz CH-C d39 A,NaN,1.0282,Va,5341
Synuefe NU-M d8-51,NaN,1.0044,Va,4999
Synuefai KE-E d13-20 A,NaN,1.0926,Va,5465
Col 359 Sector MW-V d2-61,NaN,1.0849,Vab,5934
Synuefe LA-C d14-43,NaN,1.2745,,5531
Synuefe OV-B d14-60 A,NaN,1.0257,Va,5184
Musca Dark Region BQ-Y d42 A,NaN,1.318,Vb,7122
Synuefe EE-F d12-41 A,NaN,1.1178,Vab,5730
Synuefe GZ-D d13-73 A,NaN,1.0476,Vab,5573
Col 285 Sector TP-O d6-59,NaN,1.116,Va,4579
Scorpius Dark Region ZE-A d92 A,NaN,1.1388,Va,4878
29 Pi Leonis,NaN,59.5646,III,2734
Wredguia LC-D d12-93 A,NaN,1.3076,Vb,7301
Synuefe FZ-D d13-63 A,NaN,1.0724,Va,4735
Synuefe SL-J d10-82 A,NaN,1.135,Va,4635
Synuefe TL-J d10-116 A,NaN,1.1773,Vb,6343
Synuefe HK-C d14-125 B,NaN,1.1004,Vb,6613
Synuefe IU-D d13-45,NaN,1.1028,Vb,6092
Col 285 Sector RE-Q d5-37,NaN,1.1838,Vb,6740
Pipe (stem) Sector XJ-A d96 A,NaN,1.0341,Vb,6190
Synuefe LZ-M d8-96,NaN,1.105,,5171
Synuefe NU-M d8-26 A,NaN,1.2037,,5268
Col 285 Sector GG-X d1-47,NaN,1.0742,Vab,5695
Col 285 Sector RZ-O d6-44 A,NaN,1.1163,Vb,6451
Col 285 Sector RZ-O d6-44 B,NaN,1.0174,Va,5237
Praea Euq BV-Y d9 A,NaN,1.1176,Vab,5868
Praea Euq BV-Y d9 B,NaN,1.0685,Vab,5685
30 Piscium A,NaN,69.2873,III,2808
Wredguia FR-D d12-43,NaN,1.286,Vab,6440
Synuefai XK-D d13-36 A,NaN,1.0205,Vab,5509
Wredguia JX-B d13-22 A,NaN,1.1439,Vb,6448
Col 285 Sector EB-X d1-32 A,NaN,1.0738,Va,5387
Col 285 Sector OY-R d4-51,NaN,1.0567,Vb,6208
Synuefai OJ-F d12-50 A,NaN,1.2248,Vab,5844
Lupus Dark Region B Sector ZE-A d102 A,NaN,1.1251,Va,5396
Synuefai CH-J d10-53,NaN,1.0929,Vb,6453
Col 285 Sector BL-X d1-69 A,NaN,1.331,Vab,6846
Synuefe KU-M d8-81 A,NaN,1.0448,Va,5517
Lupus Dark Region B Sector FG-Y d18 A,NaN,1.0714,Vb,6519
Wredguia BR-B c27-9,NaN,1.0015,,4145
Col 359 Sector OH-U d3-40,NaN,1.0499,Vb,6165
Synuefe NQ-B d14-40,NaN,1.0476,Vab,5837
Synuefe XR-H d11-76,NaN,1.0445,Vb,6120
Synuefe IO-O d7-70 A,NaN,1.1004,Vb,6460
Synuefai PT-O d7-46 A,NaN,1.1031,Vb,6139
Synuefe AY-F d12-89 A,NaN,1.3405,Vb,7745
Col 285 Sector MH-V d2-49 A,NaN,1.0773,Va,4652
Synuefe GZ-D d13-53 A,NaN,1.1908,Vab,5993
Capricorni Sector IM-W d1-83 A,NaN,1.2336,Vb,6684
Lupus Dark Region B Sector FG-Y d104,NaN,1.0821,Va,4593
Wregoe SZ-G d10-35,NaN,1.0759,Vb,6163
Synuefe QQ-K d9-30,NaN,1.1274,Va,5137
Synuefai YA-L d9-44 A,NaN,1.1166,Va,5427
Musca Dark Region CQ-Y d90 A,NaN,1.2371,Va,5114
Synuefe YM-H d11-77 A,NaN,1.0526,Va,5373
Praea Euq BQ-X c1-4 A,NaN,1.0063,,4624
Synuefe KU-M d8-37,NaN,1.1004,Vb,6621
Col 359 Sector BF-Z d94,NaN,1.1767,Vb,6305
Col 285 Sector VZ-P d5-77 A,NaN,1.1382,Vab,5726
HR 7954 B,NaN,1.1196,Va,4963
Col 285 Sector KC-V d2-72,NaN,1.2394,,7089
Col 359 Sector YO-Z d52,NaN,1.2344,Vab,5954
Wredguia FR-D d12-35 A,NaN,1.0757,,5386
Synuefe MQ-B d14-30 A,NaN,1.1373,VI,6778
Praea Euq ZJ-A d38,NaN,1.2858,Vab,6286
Synuefai BW-K d9-26 A,NaN,1.288,Va,5324
HIP 106163 B,NaN,1.1021,Va,4993
Synuefai ND-H d11-31 A,NaN,1.0341,Vab,5477
Synuefe XR-H d11-66,NaN,1.1863,Vab,5755
Lupus Dark Region B Sector JM-W d1-122 A,NaN,1.0098,Vb,6040
Lupus Dark Region B Sector DL-Y d95 A,NaN,1.1195,Va,4784
Lupus Dark Region B Sector GG-Y d41 A,NaN,1.0816,Va,4988
Synuefe NU-F c27-1,NaN,1.0015,Va,5412
Praea Euq DA-A d155 A,NaN,1.0546,,4727
Synuefe SV-K d9-22,NaN,1.1156,Vb,6332
Synuefai VU-M d8-16 A,NaN,1.0204,Vb,6023
Wredguia RR-N d6-46,NaN,1.026,Va,5232
Wredguia MN-B d13-59 A,NaN,1.1995,Va,5222
Coalsack Sector ZE-A e29 A,NaN,1.1357,Vab,5799
Synuefai ZL-J d10-18,NaN,1.1211,VI,6764
Synuefai XA-C d14-31,NaN,1.3021,Vab,5950
Col 285 Sector TZ-P d5-87 A,NaN,1.0636,Va,5416
Col 285 Sector AG-X d1-78 A,NaN,1.1317,Va,4879
48 G. Carinae,NaN,32.5374,III,2986
Synuefe YR-I d10-36,NaN,1.2233,,6357
Synuefe ST-Z c16-14 A,NaN,1.0038,Vab,5321
Synuefe PA-L d9-27,NaN,1.2478,Va,4991
R CrA Sector DL-Y e33,NaN,1.0494,Vab,5999
Synuefe NF-L d9-86,NaN,1.0423,Va,5391
Col 285 Sector QJ-Q d5-76 A,NaN,1.169,,6105
Col 285 Sector QJ-Q d5-76 B,NaN,1.0502,,4342
Synuefe LC-T c20-6 A,NaN,1.0013,Va,5241
Col 285 Sector MY-R d4-120 A,NaN,1.2929,Vab,6892
Synuefai QK-C d14-39,NaN,1.0233,Vab,5688
Synuefai RF-C d14-14,NaN,1.1225,Vab,5867
Synuefe XP-N c23-1,NaN,1.0148,Va,4226
Col 285 Sector KC-V d2-76,NaN,1.1892,Va,5475
Col 285 Sector IN-S d4-40,NaN,1.217,Va,5414
2 Pegasi,NaN,56.3449,II,2872
Col 285 Sector QJ-Q d5-79,NaN,1.1821,Va,4870
Synuefe WG-J d10-103,NaN,1.0017,Va,4516
Coalsack Sector HR-W d1-142 A,NaN,32.9928,,3343
Praea Euq JG-Y d122,NaN,1.0876,Va,4808
Praea Euq ZO-A d26,NaN,1.0416,,4986
Synuefe AN-H d11-98,NaN,1.1284,Va,5545
Synuefe HK-C d14-77,NaN,1.1918,Vb,7003
HR 4162,NaN,56.9465,III,2933
Synuefe TG-J d10-41 A,NaN,1.0975,Vab,5559
Praea Euq HG-Y d129 A,NaN,1.1323,Va,4961
Praea Euq DA-A d86,NaN,1.106,Vb,6012
Col 285 Sector BB-W d2-36 A,NaN,1.3193,Vab,6739
Synuefai SP-D d13-22,NaN,1.1401,Va,5514
Musca Dark Region ZE-A d30 A,NaN,1.2848,Vb,6964
7 Ceti A,NaN,64.99,III,2903
Wredguia VI-K d8-40 A,NaN,1.052,Va,5504
Wredguia EQ-G d10-105 A,NaN,1.0422,Vb,5927
Col 359 Sector KR-V d2-90,NaN,1.1241,Va,4970
Scorpius Dark Region ZE-A d49 A,NaN,1.217,Vb,6626
Synuefe CT-F d12-96,NaN,1.2062,Vab,6437
Pipe (bowl) Sector ZE-A d111,NaN,1.316,Vab,6460
Col 359 Sector HB-W d2-43 A,NaN,1.1119,Vab,5745
Synuefai JX-I d10-21 A,NaN,1.0259,Vab,5517
16 Zeta Ursae Minoris B,NaN,1.9157,Vab,11698
Mel 22 Sector BG-X d1-42,NaN,1.0231,Vab,5762
Synuefe DT-F d12-38,NaN,1.0367,Va,5272
HR 903 B,NaN,1.2328,Va,5179
Col 285 Sector IS-T d3-33,NaN,1.0898,Vb,6342
HIP 54522 A,NaN,40.2696,III,2544
Col 285 Sector XP-X d1-48,NaN,1.0959,Vb,6606
81 Phi Pegasi A,NaN,58.8861,III,2689
HIP 116797 ABCD 7,NaN,1.0063,Va,4648
84 Psi Pegasi,NaN,73.8857,III,2689
Synuefe TD-A c17-9 A,NaN,1.0011,Vab,5896
HR 4411,NaN,41.1894,III,2620
Col 285 Sector VK-O d6-138,NaN,1.1418,Vb,6603
Wredguia CV-G d10-48 A,NaN,1.0422,,6288
Praea Euq JM-W d1-131 A,NaN,1.0785,Vab,5615
Synuefe KP-D d13-62,NaN,1.0526,Va,4689
Synuefe HZ-M d8-78 A,NaN,1.0972,Vb,6579
Col 285 Sector CG-E c12-18 A,NaN,1.0174,,5311
Col 285 Sector TP-O d6-33 A,NaN,1.3206,Va,5857
Col 285 Sector TP-O d6-33 B,NaN,1.3393,Vab,6160
Col 285 Sector TP-O d6-40,NaN,1.0367,Va,5262
Scorpius Dark Region DL-Y d148 A,NaN,1.3206,Vb,7156
Col 285 Sector DN-J c9-12,NaN,1.0034,,5752
Synuefe CT-F d12-59,NaN,1.1205,,5670
Synuefai PU-D d13-51 A,NaN,1.3437,,7130
IC 2602 Sector XJ-A d131,NaN,1.2426,Vab,6372
Col 285 Sector XK-O d6-102 A,NaN,1.3429,Vab,5950
43 i Herculis A,NaN,31.9582,III,3128
Synuefe FZ-D d13-113,NaN,1.045,Va,4880
Pipe (stem) Sector CQ-Y d91,NaN,1.0393,,4912
HIP 37946 A,NaN,51.6536,III,2721
Synuefe UL-J d10-110,NaN,1.1345,VI,6781
Synuefai BI-U c19-15,NaN,1.0015,,6071
X Herculis A,NaN,48.321,III,2084
63 Pegasi,NaN,32.5833,III,3055
15 Lacertae A,NaN,37.6758,III,2891
Col 285 Sector LC-V d2-91 A,NaN,1.0283,Vab,5872
Synuefai LE-E d13-70 A,NaN,1.0396,Va,5274
Synuefe PU-E c28-9 A,NaN,1.0013,Vab,5729
73 Ursae Majoris,NaN,33.5836,III,2931
Synuefe PL-B d14-14 A,NaN,1.1221,Va,5395
Col 359 Sector HB-W d2-44 A,NaN,1.2216,Vb,6525
Synuefai SF-C d14-18 A,NaN,1.1035,Va,4581
Col 359 Sector HB-W d2-20,NaN,1.007,Vab,5569
18 Cephei,NaN,63.0121,III,2377
Synuefe KZ-M d8-27 A,NaN,1.1783,Vb,6486
Synuefe GZ-D d13-90 A,NaN,1.0762,Vb,6508
Synuefe AY-F d12-51 A,NaN,1.0125,Vab,5572
Synuefe NF-L d9-61 A,NaN,1.1323,,5206
Synuefe QA-L d9-30,NaN,1.1418,Va,5238
Synuefe QV-K d9-27,NaN,1.0233,Vab,5754
Synuefe SO-I c25-1 A,NaN,1.0068,Vab,5807
Synuefe KF-C d14-89 A,NaN,1.0283,Vb,6173
Synuefe WG-J d10-52,NaN,1.2394,Vb,6679
Synuefe UG-J d10-67,NaN,1.1418,Vab,5980
Lupus Dark Region B Sector AF-A d53,NaN,1.0764,Va,4616
Synuefe JK-D d13-24,NaN,1.1837,Va,5056
Praea Euq CA-A d93 A,NaN,1.2471,VI,7360
Synuefe ZM-H d11-58,NaN,1.0311,Vab,5579
IC 2602 Sector ZU-Y d89 A,NaN,1.1983,Vab,5700
Synuefai VZ-E d12-8 A,NaN,1.2125,Vb,6926
Praea Euq ZJ-A d60 A,NaN,1.0151,Va,4682
Praea Euq YJ-A d73,NaN,1.2824,Va,5558
Synuefe VG-J d10-74 A,NaN,1.045,Va,5016
Praea Euq DA-A d61 A,NaN,1.3522,Vb,7718
Praea Euq LM-W d1-146,NaN,1.0151,Vab,5601
Synuefe ET-F d12-105,NaN,1.026,Va,5126
Col 285 Sector CW-M d7-90 A,NaN,1.0634,Va,5260
Synuefe JF-C d14-59,NaN,1.2243,Vb,6861
Wredguia QH-M d7-16 A,NaN,1.3076,VI,7781
Col 285 Sector NH-V d2-108,NaN,1.0314,,4975
Praea Euq IG-Y d158 A,NaN,1.2026,Vab,6439
Synuefai KS-I d10-27 A,NaN,1.216,VI,7315
Col 285 Sector YP-P d5-65 A,NaN,1.271,Va,5445
Praea Euq KR-W d1-95,NaN,1.3297,Vb,6909
Synuefe FJ-F d12-24,NaN,1.26,Vab,5879
Synuefe EE-F d12-32,NaN,1.2837,Vab,6067
Synuefe ET-O d7-66,NaN,1.1105,Va,5136
Synuefe ET-F d12-120,NaN,1.1292,Vb,6467
Synuefe BY-F d12-56 A,NaN,1.0694,,5874
Synuefe KP-D d13-51,NaN,1.06,Va,5414
Synuefe RA-L d9-105 A,NaN,1.3114,Vb,6975
Synuefe CI-H d11-23 A,NaN,1.1869,Vb,6518
Wregoe YB-C d13-36 A,NaN,1.2728,Vab,6554
Pegasi Sector FW-W d1-88,NaN,1.0149,Va,5198
Wregoe ND-K d8-17,NaN,1.1263,Va,5660
1 Omega Virginis A,NaN,66.4006,III,2519
Synuefe BY-F d12-111,NaN,1.2643,VI,7368
HIP 9372,NaN,53.7064,II,2623
Synuefai VU-M d8-71 A,NaN,1.0825,Va,4870
Praea Euq EA-A d122 A,NaN,1.2687,Vab,6347
Synuefai MO-F d12-55,NaN,1.1956,Vb,6750
Col 285 Sector EC-U d3-23,NaN,1.2652,,7347
Col 285 Sector MY-R d4-25,NaN,1.0981,Vab,5623
Col 285 Sector GW-W d1-67,NaN,1.2442,Vab,6032
Synuefe IK-C d14-82 A,NaN,1.1386,,5003
Synuefe DT-G d11-29,NaN,1.0287,Va,5286
Col 285 Sector MX-U d2-40 A,NaN,1.1036,Vb,6293
Synuefe UL-J d10-43,NaN,1.0572,Va,4871
Wredguia TC-M d7-12 A,NaN,1.1035,Va,4748
43 Kappa Librae A,NaN,46.8839,,3008
Synuefai ZA-L d9-48,NaN,1.1296,Vab,5682
Wredguia DQ-G d10-37,NaN,1.3087,Vab,6081
IC 2602 Sector AQ-Y d44 A,NaN,1.0341,Va,5302
Col 285 Sector BB-W d2-42,NaN,1.1924,Vb,7199
HR 935 A,NaN,48.9941,,2815
Lupus Dark Region BQ-Y d47,NaN,1.1062,Va,5595
SX Pavonis,NaN,54.4165,,2401
Col 285 Sector QJ-Q d5-62,NaN,1.0779,Va,4572
Pipe (bowl) Sector EL-Y c3,NaN,1.0148,Va,4200
Synuefe JF-C d14-61 A,NaN,1.0258,Vab,5441
Synuefai XV-B d14-38 A,NaN,1.0314,Va,4817
Wredguia LC-D d12-26 A,NaN,1.2423,Vb,6953
Synuefe DT-F d12-46 A,NaN,1.2637,VI,7442
Synuefe DT-F d12-46 C,NaN,1.1401,Vab,5851
Col 285 Sector TZ-P d5-112,NaN,1.0151,Vab,5657
Synuefe IZ-D d13-114 A,NaN,1.0527,,4796
Synuefe IZ-D d13-114 B,NaN,1.0445,,5356
Synuefai KS-I d10-32,NaN,1.0387,Va,4856
Synuefe NV-B d14-29 A,NaN,1.2291,Vab,5911
Synuefe PF-L d9-5,NaN,1.1653,Vb,6692
